Pair Rank,Pair,Type,Entry Date,Exit Date,Trade Return
#1,ETR vs NI,Short Spread,2023-02-16,2023-02-23,4.72%
#1,ETR vs NI,Long Spread,2023-02-23,2023-03-16,-1.41%
#1,ETR vs NI,Long Spread,2023-04-20,2023-05-11,-0.51%
#1,ETR vs NI,Long Spread,2023-05-19,2023-06-02,1.15%
#1,ETR vs NI,Long Spread,2023-06-28,2023-07-14,1.26%
#1,ETR vs NI,Short Spread,2023-07-20,2023-08-01,1.45%
#1,ETR vs NI,Short Spread,2023-09-27,2023-10-09,0.33%
#1,ETR vs NI,Short Spread,2023-11-06,2023-11-17,0.91%
#1,ETR vs NI,Short Spread,2023-11-30,2023-12-04,3.12%
#1,ETR vs NI,Short Spread,2024-01-16,2024-01-22,1.90%
#1,ETR vs NI,Short Spread,2024-02-06,2024-02-12,1.43%
#1,ETR vs NI,Short Spread,2024-04-19,2024-04-25,1.16%
#1,ETR vs NI,Short Spread,2024-05-10,2024-05-28,1.28%
#1,ETR vs NI,Long Spread,2024-06-10,2024-07-26,-4.66%
#1,ETR vs NI,Short Spread,2024-08-01,2024-08-12,2.13%
#1,ETR vs NI,Short Spread,2024-09-13,2024-10-16,-2.53%
#1,ETR vs NI,Short Spread,2024-10-22,2024-11-15,-6.19%
#1,ETR vs NI,Short Spread,2025-01-03,2025-01-28,-1.18%
#1,ETR vs NI,Long Spread,2025-02-13,2025-02-20,2.32%
#1,ETR vs NI,Long Spread,2025-05-07,2025-05-12,1.85%
#1,ETR vs NI,Long Spread,2025-05-19,2025-05-21,2.20%
#1,ETR vs NI,Long Spread,2025-06-10,2025-07-02,-0.63%
#1,ETR vs NI,Short Spread,2025-07-17,2025-08-01,0.50%
#1,ETR vs NI,Short Spread,2025-08-06,2025-08-18,1.75%
#1,ETR vs NI,Short Spread,2025-09-04,2025-09-22,2.47%
#1,ETR vs NI,Short Spread,2025-10-30,2025-11-04,2.23%
#1,ETR vs NI,Short Spread,2025-12-03,2025-12-12,0.90%
#2,BK vs GS,Short Spread,2023-02-28,2023-03-09,3.74%
#2,BK vs GS,Long Spread,2023-04-17,2023-05-08,-1.45%
#2,BK vs GS,Short Spread,2023-06-01,2023-06-12,1.20%
#2,BK vs GS,Long Spread,2023-07-20,2023-08-03,0.11%
#2,BK vs GS,Long Spread,2023-09-14,2023-10-02,-0.67%
#2,BK vs GS,Short Spread,2023-10-17,2023-11-03,0.77%
#2,BK vs GS,Long Spread,2023-12-14,2024-01-04,0.87%
#2,BK vs GS,Short Spread,2024-01-12,2024-02-02,0.49%
#2,BK vs GS,Long Spread,2024-02-28,2024-02-29,1.86%
#2,BK vs GS,Long Spread,2024-03-04,2024-03-06,1.21%
#2,BK vs GS,Long Spread,2024-03-13,2024-03-18,1.44%
#2,BK vs GS,Long Spread,2024-03-21,2024-04-04,0.90%
#2,BK vs GS,Long Spread,2024-04-17,2024-05-24,-4.46%
#2,BK vs GS,Short Spread,2024-06-07,2024-06-14,1.96%
#2,BK vs GS,Short Spread,2024-07-12,2024-07-16,4.24%
#2,BK vs GS,Short Spread,2024-09-03,2024-09-26,-3.12%
#2,BK vs GS,Long Spread,2024-11-06,2024-11-25,2.56%
#2,BK vs GS,Short Spread,2024-12-10,2024-12-11,2.47%
#2,BK vs GS,Short Spread,2024-12-18,2024-12-23,1.40%
#2,BK vs GS,Short Spread,2025-01-27,2025-01-30,1.25%
#2,BK vs GS,Long Spread,2025-02-06,2025-02-13,1.99%
#2,BK vs GS,Short Spread,2025-02-21,2025-03-20,-5.97%
#2,BK vs GS,Short Spread,2025-04-07,2025-04-14,3.86%
#2,BK vs GS,Long Spread,2025-06-11,2025-07-11,-7.73%
#2,BK vs GS,Long Spread,2025-09-10,2025-09-24,0.94%
#2,BK vs GS,Short Spread,2025-10-14,2025-10-24,0.93%
#2,BK vs GS,Long Spread,2025-12-05,2025-12-29,-1.38%
#3,COF vs WFC,Short Spread,2023-03-21,2023-04-10,-0.24%
#3,COF vs WFC,Long Spread,2023-04-18,2023-04-27,3.79%
#3,COF vs WFC,Short Spread,2023-05-18,2023-06-16,-5.72%
#3,COF vs WFC,Long Spread,2023-07-05,2023-07-10,3.02%
#3,COF vs WFC,Long Spread,2023-07-20,2023-07-31,3.80%
#3,COF vs WFC,Long Spread,2023-08-22,2023-08-30,2.15%
#3,COF vs WFC,Long Spread,2023-09-12,2023-09-15,2.38%
#3,COF vs WFC,Short Spread,2023-10-10,2023-10-19,7.82%
#3,COF vs WFC,Long Spread,2023-10-19,2023-10-27,11.71%
#3,COF vs WFC,Short Spread,2023-10-27,2023-11-15,2.20%
#3,COF vs WFC,Short Spread,2023-12-13,2024-01-04,-0.46%
#3,COF vs WFC,Short Spread,2024-01-26,2024-01-31,2.21%
#3,COF vs WFC,Long Spread,2024-02-21,2024-03-20,-3.47%
#3,COF vs WFC,Short Spread,2024-03-28,2024-04-08,3.08%
#3,COF vs WFC,Long Spread,2024-04-17,2024-04-24,2.70%
#3,COF vs WFC,Long Spread,2024-05-08,2024-06-03,-1.14%
#3,COF vs WFC,Short Spread,2024-06-06,2024-06-14,1.28%
#3,COF vs WFC,Short Spread,2024-07-12,2024-08-14,-3.18%
#3,COF vs WFC,Long Spread,2024-09-04,2024-09-06,3.85%
#3,COF vs WFC,Short Spread,2024-09-06,2024-09-11,1.26%
#3,COF vs WFC,Short Spread,2024-09-12,2024-09-26,1.79%
#3,COF vs WFC,Long Spread,2024-10-11,2024-10-25,-2.02%
#3,COF vs WFC,Short Spread,2024-12-11,2024-12-18,2.39%
#3,COF vs WFC,Long Spread,2025-01-16,2025-01-23,6.11%
#3,COF vs WFC,Short Spread,2025-01-23,2025-02-03,2.45%
#3,COF vs WFC,Long Spread,2025-03-06,2025-03-24,0.56%
#3,COF vs WFC,Short Spread,2025-04-09,2025-04-16,5.11%
#3,COF vs WFC,Short Spread,2025-04-24,2025-04-29,3.28%
#3,COF vs WFC,Short Spread,2025-06-10,2025-06-20,1.24%
#3,COF vs WFC,Short Spread,2025-07-15,2025-07-24,8.02%
#3,COF vs WFC,Long Spread,2025-07-24,2025-07-30,4.34%
#3,COF vs WFC,Long Spread,2025-09-19,2025-10-08,-1.42%
#3,COF vs WFC,Long Spread,2025-10-14,2025-10-22,3.78%
#3,COF vs WFC,Long Spread,2025-11-14,2025-11-21,1.22%
#4,FITB vs PNC,Short Spread,2023-03-02,2023-03-08,2.06%
#4,FITB vs PNC,Long Spread,2023-03-10,2023-03-29,-4.38%
#4,FITB vs PNC,Short Spread,2023-04-12,2023-04-24,2.52%
#4,FITB vs PNC,Long Spread,2023-04-26,2023-05-01,5.42%
#4,FITB vs PNC,Long Spread,2023-06-05,2023-06-06,2.55%
#4,FITB vs PNC,Long Spread,2023-06-09,2023-06-21,2.20%
#4,FITB vs PNC,Short Spread,2023-09-05,2023-09-12,2.19%
#4,FITB vs PNC,Long Spread,2023-09-26,2023-10-13,0.33%
#4,FITB vs PNC,Short Spread,2023-12-01,2023-12-29,-2.58%
#4,FITB vs PNC,Long Spread,2024-02-06,2024-02-09,1.56%
#4,FITB vs PNC,Short Spread,2024-03-06,2024-03-19,1.54%
#4,FITB vs PNC,Short Spread,2024-04-19,2024-05-16,-0.83%
#4,FITB vs PNC,Long Spread,2024-06-04,2024-06-21,0.32%
#4,FITB vs PNC,Long Spread,2024-07-08,2024-07-15,0.60%
#4,FITB vs PNC,Short Spread,2024-08-05,2024-08-12,1.55%
#4,FITB vs PNC,Long Spread,2024-08-29,2024-09-11,0.68%
#4,FITB vs PNC,Short Spread,2024-10-14,2024-10-15,1.28%
#4,FITB vs PNC,Short Spread,2024-10-17,2024-10-21,2.79%
#4,FITB vs PNC,Long Spread,2024-11-07,2024-11-21,1.30%
#4,FITB vs PNC,Long Spread,2024-12-18,2025-01-14,-0.35%
#4,FITB vs PNC,Short Spread,2025-01-21,2025-01-23,1.80%
#4,FITB vs PNC,Short Spread,2025-02-14,2025-03-05,1.41%
#4,FITB vs PNC,Long Spread,2025-04-21,2025-04-29,1.49%
#4,FITB vs PNC,Long Spread,2025-05-15,2025-05-30,-0.12%
#4,FITB vs PNC,Long Spread,2025-07-17,2025-07-29,1.42%
#4,FITB vs PNC,Short Spread,2025-08-13,2025-08-25,0.53%
#4,FITB vs PNC,Short Spread,2025-09-09,2025-09-25,1.44%
#4,FITB vs PNC,Short Spread,2025-10-08,2025-10-16,1.91%
#4,FITB vs PNC,Long Spread,2025-11-19,2025-11-28,0.53%
#5,HWM vs NRG,Long Spread,2023-02-01,2023-02-15,3.39%
#5,HWM vs NRG,Long Spread,2023-03-20,2023-03-22,7.63%
#5,HWM vs NRG,Short Spread,2023-05-02,2023-05-12,0.88%
#5,HWM vs NRG,Long Spread,2023-07-05,2023-07-10,4.07%
#5,HWM vs NRG,Long Spread,2023-09-05,2023-09-28,-4.81%
#5,HWM vs NRG,Long Spread,2023-10-11,2023-11-02,-5.89%
#5,HWM vs NRG,Short Spread,2023-11-21,2023-11-29,4.42%
#5,HWM vs NRG,Long Spread,2023-12-28,2024-01-16,1.08%
#5,HWM vs NRG,Short Spread,2024-02-08,2024-02-29,-6.37%
#5,HWM vs NRG,Long Spread,2024-03-11,2024-04-19,-17.53%
#5,HWM vs NRG,Short Spread,2024-05-02,2024-05-10,6.41%
#5,HWM vs NRG,Short Spread,2024-07-16,2024-08-08,-10.33%
#5,HWM vs NRG,Long Spread,2024-09-20,2024-10-14,1.63%
#5,HWM vs NRG,Short Spread,2024-10-17,2024-10-24,9.13%
#5,HWM vs NRG,Long Spread,2025-01-03,2025-01-13,3.10%
#5,HWM vs NRG,Short Spread,2025-01-27,2025-02-10,3.18%
#5,HWM vs NRG,Long Spread,2025-02-26,2025-02-28,10.16%
#5,HWM vs NRG,Short Spread,2025-02-28,2025-03-14,-2.15%
#5,HWM vs NRG,Long Spread,2025-04-15,2025-05-01,0.72%
#5,HWM vs NRG,Long Spread,2025-05-12,2025-05-28,4.51%
#5,HWM vs NRG,Short Spread,2025-07-08,2025-07-22,-0.39%
#5,HWM vs NRG,Long Spread,2025-07-31,2025-08-07,8.39%
#5,HWM vs NRG,Long Spread,2025-09-12,2025-09-18,3.69%
#5,HWM vs NRG,Short Spread,2025-11-10,2025-11-18,4.07%
#5,HWM vs NRG,Short Spread,2025-12-17,Open (End of Data),-0.73%
